,train_losses,valid_losses,mAPs,precisions,recalls,f1s
0,26.239819935389928,23.401720591953822,0.0,0.0,0.0,0.0
1,21.250898633684432,20.97201292855399,0.16683673469387755,0.27458256029684597,0.20408163265306123,0.18764172335600904
2,18.168310165405273,16.814022881644114,0.197910592808552,0.14523809523809522,0.30612244897959184,0.17407407407407405
3,15.779046194893974,14.393958636692592,0.17489177489177488,0.1173469387755102,0.2448979591836735,0.15628356605800214
4,13.708378110613141,14.749072347368513,0.2384947916263891,0.19901293850873683,0.36734693877551017,0.2372921851667496
